{
  "version": 2,
  "builds": [
    {
      "src": "src/index.ts",
      "use": "@vercel/node",
      "config": {
        "includeFiles": ["src/**/*"]
      }
    }
  ],
  "routes": [
    {
      "src": "/health",
      "dest": "/src/index.ts"
    },
    {
      "src": "/api/(.*)",
      "dest": "/src/index.ts"
    },
    {
      "src": "/(.*\\.(js|css|png|jpg|jpeg|gif|ico|svg|woff|woff2|ttf|eot)$)",
      "dest": "/src/public/$1"
    },
    {
      "src": "/(.*)",
      "dest": "/src/index.ts"
    }
  ],
  "functions": {
    "src/index.ts": {
      "maxDuration": 60,
      "memory": 1024
    }
  }
}
